{"baseline_per_donum_try": {"count": 25, "min": 0.0, "p25": 48786.9588, "median": 207261.0947368421, "p75": 2148416.5343119265, "max": 4252074.390825688, "mean": 1203288.8309265024}, "orchard_per_donum_try": {"count": 1, "min": 1439809.5589375615, "p25": 1439809.5589375615, "median": 1439809.5589375615, "p75": 1439809.5589375615, "max": 1439809.5589375615, "mean": 1439809.5589375615}, "orchard_water_per_donum_try": null, "orchard_dry_per_donum_try": null, "orchard_core_per_donum_try": null, "orchard_water_core_per_donum_try": null, "orchard_dry_core_per_donum_try": null, "counts": {"baseline": 25, "orchard": 1, "orchard_water": 0, "orchard_dry": 0, "orchard_core": 0, "orchard_water_core": 0, "orchard_dry_core": 0}, "excel": "reports/guzelyurt_orchard_pricing_core10.xlsx"}