{"baseline_per_donum_try": {"count": 79, "min": 0.0, "p25": 418750.171875, "median": 1504082.25, "p75": 2685349.9775977316, "max": 6809487.182332155, "mean": 1694134.166869029}, "orchard_per_donum_try": {"count": 7, "min": 546939.0, "p25": 1384044.993754495, "median": 1578676.7588686482, "p75": 2597960.25, "max": 6068965.945226615, "mean": 2308370.313086322}, "orchard_water_per_donum_try": null, "orchard_dry_per_donum_try": null, "orchard_core_per_donum_try": {"count": 2, "min": 3281634.0, "p25": 3978466.986306654, "median": 4675299.972613308, "p75": 5372132.958919961, "max": 6068965.945226615, "mean": 4675299.972613308}, "orchard_water_core_per_donum_try": null, "orchard_dry_core_per_donum_try": null, "counts": {"baseline": 79, "orchard": 7, "orchard_water": 0, "orchard_dry": 0, "orchard_core": 2, "orchard_water_core": 0, "orchard_dry_core": 0}, "excel": "reports/guzelyurt_orchard_pricing_water_exp.xlsx"}